ID,お名前,メールアドレス,郵便番号,住所,TEL,その他、要望,登録日
1,,<a href="mailto:testuser">testuser</a>,,北海道,,,-0001年11月30日
2,,<a href="mailto:user2">user2</a>,,青森県,,,-0001年11月30日
3,,<a href="mailto:user2">user2</a>,,青森県,,,-0001年11月30日
4,,<a href="mailto:trial3">trial3</a>,,山形県,,,-0001年11月30日
5,,<a href="mailto:trial2">trial2</a>,,沖縄県,,,-0001年11月30日
6,,<a href="mailto:trial1">trial1</a>,,沖縄県,,,-0001年11月30日
11,,<a href="mailto:bbbbb">bbbbb</a>,,山形県,,,-0001年11月30日
14,,<a href="mailto:aaaaa">aaaaa</a>,,北九州県,,,-0001年11月30日
12,,<a href="mailto:ccccc">ccccc</a>,,九州県,,,-0001年11月30日
23,abcde12345,<a href="mailto:opal@frank.fam.cx">opal@frank.fam.cx</a>,222-2222,山形県,111-1111,あいうえお
かっくえこ,2016年11月7日
